customer_id, customer_name, gender, phone, email,city, id_proof_type, registration_date
1,Adithya Kumar,Male,9876101024,adithya.kumar@gmail.com,Chennai,Driving License,2025-04-09
2,Aishwarya Nair,Female,9876101032,aishwarya.nair@gmail.com,Cuddalore,PAN Card,2021-11-30
3,Akhil Raj,Male,9876101099,akhil.raj@gmail.com,Tirupathur,Driving License,2024-02-05
4,Ananya Krishnan,Female,9876101055,ananya.krishnan@gmail.com,Thoothukudi,PAN Card,2022-07-08
5,Aravindh Kumar,Male,9876101021,aravindh.kumar@gmail.com,Mayiladuthurai,PAN Card,2020-06-10
6,Archana Devi,Female,9876101038,archana.devi@gmail.com,Tirupathur,Aadhaar Card,2020-09-05
7,Arjun Prasad,Male,9876101066,arjun.prasad@gmail.com,Nagapattinam,Driving License,2026-03-24
8,Ashwini Raj,Female,9876101053,ashwini.raj@gmail.com,Arakkonam,Voter ID,2020-12-18
9,Balaji Kumar,Male,9876101016,balaji.kumar@gmail.com,Tirupathur,PAN Card,2025-10-02
10,Bhavana Lakshmi,Female,9876101087,bhavana.lakshmi@gmail.com,Nagercoil,Passport,2023-03-16
11,Bharath Raj,Male,9876101051,bharath.raj@gmail.com,Sirkazhi,Driving License,2022-01-12
12,Chitra Devi,Female,9876101064,chitra.devi@gmail.com,Ranipet,Aadhaar Card,2024-08-30
13,Dhanush Kumar,Male,9876101067,dhanush.kumar@gmail.com,Chennai,Driving License,2025-04-09
14,Deepa Nair,Female,9876101059,deepa.nair@gmail.com,Karur,Passport,2022-04-25
15,Dinesh Raj,Male,9876101049,dinesh.raj@gmail.com,Kanchipuram,Voter ID,2020-03-22
16,Divya Lakshmi,Female,9876101011,divya.lakshmi@gmail.com,Ooty,PAN Card,2023-12-22
17,Elavarasan,Male,9876101070,elavarasan@gmail.com,Tirupathur,Voter ID,2021-08-09
18,Gayathri Priya,Female,9876101087,gayathri.priya@gmail.com,Tirunelveli,Aadhaar Card,2023-03-16
19,Gopinath,Male,9876101026,gopinath@gmail.com,Pudukkottai,Driving License,2026-06-29
20,Haritha Devi,Female,9876101024,haritha.devi@gmail.com,Tiruvallur,Aadhaar Card,2023-03-16
21,Hari Kumar,Male,9876101060,hari.kumar@gmail.com,Tirupathur,PAN Card,2020-01-15
22,Hemalatha,Female,9876101037,hemalatha@gmail.com,Ooty,Voter ID,2026-06-29
23,Iniyan Kumar,Male,9876101018,iniyan.kumar@gmail.com,Ambur,Aadhaar Card,2022-10-19
24,Ishwarya Raj,Female,9876101068,ishwarya.raj@gmail.com,Karur,Driving License,2022-07-08
25,Jegan Kumar,Male,9876101029,jegan.kumar@gmail.com,Ranipet,Passport,2020-01-15
26,Janani Lakshmi,Female,9876101092,janani.lakshmi@gmail.com,Tirupathur,Driving License,2026-06-29
27,Karthi Kumar,Male,9876101001,karthi.kumar@gmail.com,Rajapalayam,Aadhaar Card,2023-01-03
28,Kavitha Devi,Female,9876101092,kavitha.devi@gmail.com,Tirupathur,PAN Card,2023-12-22
29,Kavin Prasad,Male,9876101008,kavin.prasad@gmail.com,Karur,Passport,2022-01-12
30,Keerthana Raj,Female,9876101092,keerthana.raj@gmail.com,Tiruvallur,Voter ID,2026-03-24
31,Lokesh Raj,Male,9876101093,lokesh.raj@gmail.com,Salem,Aadhaar Card,2025-04-09
32,Lavanya Priya,Female,9876101088,lavanya.priya@gmail.com,Tirunelveli,Aadhaar Card,2024-02-05
33,Madhan Raj,Male,9876101094,madhan.raj@gmail.com,Vellore,Voter ID,2023-01-03
34,Maheshwari,Female,9876101075,maheshwari@gmail.com,Karur,Passport,2021-05-27
35,Manoj Kumar,Male,9876101018,manoj.kumar@gmail.com,Ooty,Driving License,2023-09-11
36,Meena Kumari,Female,9876101036,meena.kumari@gmail.com,Ranipet,Driving License,2025-10-02
37,Murugan Raj,Male,9876101099,murugan.raj@gmail.com,Karaikudi,Passport,2025-10-02
38,Monika Devi,Female,9876101071,monika.devi@gmail.com,Udhagamandalam,Aadhaar Card,2021-02-14
39,Naveen Prasad,Male,9876101025,naveen.prasad@gmail.com,Mayiladuthurai,PAN Card,2023-12-22
40,Nithya Sri,Female,9876101029,nithya.sri@gmail.com,Sirkazhi,Passport,2024-02-05
41,Prabhu Kumar,Male,9876101023,prabhu.kumar@gmail.com,Tirupathur,Aadhaar Card,2024-05-17
42,Pavithra Devi,Female,9876101003,pavithra.devi@gmail.com,Neyveli,Passport,2020-09-05
43,Pradeep Raj,Male,9876101069,pradeep.raj@gmail.com,Tirupathur,Passport,2023-12-22
44,Preethi Lakshmi,Female,9876101044,preethi.lakshmi@gmail.com,Tirupathur,Driving License,2025-10-02
45,Raghavan,Male,9876101037,raghavan@gmail.com,Chennai,PAN Card,2023-01-03
46,Ramya Devi,Female,9876101007,ramya.devi@gmail.com,Tiruvallur,Passport,2020-12-18
47,Rajkumar,Male,9876101090,rajkumar@gmail.com,Chennai,Aadhaar Card,2025-10-02
48,Rekha Priya,Female,9876101024,rekha.priya@gmail.com,Dindigul,Passport,2020-12-18
49,Ramesh Kumar,Male,9876101073,ramesh.kumar@gmail.com,Nagercoil,Driving License,2024-11-14
50,Roshini Lakshmi,Female,9876101078,roshini.lakshmi@gmail.com,Chennai,Voter ID,2026-06-29
51,Sarath Kumar,Male,9876101049,sarath.kumar@gmail.com,Chennai,Driving License,2023-12-22
52,Sandhya Devi,Female,9876101018,sandhya.devi@gmail.com,Rajapalayam,PAN Card,2022-04-25
53,Selvakumar,Male,9876101083,selvakumar@gmail.com,Sivakasi,Passport,2022-10-19
54,Shalini Priya,Female,9876101064,shalini.priya@gmail.com,Neyveli,Driving License,2022-07-08
55,Senthil Raj,Male,9876101047,senthil.raj@gmail.com,Kanchipuram,PAN Card,2025-07-21
56,Sindhu Lakshmi,Female,9876101008,sindhu.lakshmi@gmail.com,Tiruvallur,Voter ID,2026-03-24
57,Sivakumar,Male,9876101083,sivakumar@gmail.com,Kanchipuram,PAN Card,2025-10-02
58,Soundarya Devi,Female,9876101001,soundarya.devi@gmail.com,Kumbakonam,Passport,2020-06-10
59,Srinivasan,Male,9876101027,srinivasan@gmail.com,Tirupathur,Driving License,2024-08-30
60,Subhashini,Female,9876101092,subhashini@gmail.com,Coimbatore,Aadhaar Card,2023-06-28
61,Suresh Kumar,Male,9876101096,suresh.kumar@gmail.com,Tiruvallur,Voter ID,2022-10-19
62,Suganya Devi,Female,9876101094,suganya.devi@gmail.com,Tiruvannamalai,Aadhaar Card,2026-05-18
63,Tharun Raj,Male,9876101025,tharun.raj@gmail.com,Dindigul,Voter ID,2023-06-28
64,Thenmozhi,Female,9876101076,thenmozhi@gmail.com,Ooty,Voter ID,2020-09-05
65,Udhay Kumar,Male,9876101040,udhay.kumar@gmail.com,Tirupathur,Aadhaar Card,2020-06-10
66,Uma Devi,Female,9876101076,uma.devi@gmail.com,Karaikudi,PAN Card,2026-05-18
67,Vasanth Raj,Male,9876101075,vasanth.raj@gmail.com,Chennai,Aadhaar Card,2025-01-26
68,Vaishnavi Lakshmi,Female,9876101042,vaishnavi.lakshmi@gmail.com,Coimbatore,Driving License,2020-03-22
69,Vignesh Kumar,Male,9876101028,vignesh.kumar@gmail.com,Tirupathur,Passport,2020-01-15
70,Vidhya Sri,Female,9876101051,vidhya.sri@gmail.com,Tiruppur,Voter ID,2022-04-25
71,Vinoth Raj,Male,9876101055,vinoth.raj@gmail.com,Tirupathur,Driving License,2025-10-02
72,Yamini Devi,Female,9876101026,yamini.devi@gmail.com,Tiruvallur,Driving License,2026-05-18
73,Yuvaraj Kumar,Male,9876101040,yuvaraj.kumar@gmail.com,Tirupathur,Passport,2023-01-03
74,Abirami,Female,9876101097,abirami@gmail.com,Tirupathur,Aadhaar Card,2021-05-27
75,Ajith Kumar,Male,9876101099,ajith.kumar@gmail.com,Ranipet,Voter ID,2021-11-30
76,Akshaya Lakshmi,Female,9876101004,akshaya.lakshmi@gmail.com,Tiruvallur,Driving License,2026-03-24
77,Arun Raj,Male,9876101020,arun.raj@gmail.com,Kanchipuram,Aadhaar Card,2024-05-17
78,Bhavani Devi,Female,9876101062,bhavani.devi@gmail.com,Ambur,Voter ID,2022-01-12
79,Chandrasekar,Male,9876101030,chandrasekar@gmail.com,Hosur,Aadhaar Card,2026-03-24
80,Dharshini,Female,9876101026,dharshini@gmail.com,Rajapalayam,Aadhaar Card,2023-03-16
81,Gokul Raj,Male,9876101091,gokul.raj@gmail.com,Tirupathur,Driving License,2020-03-22
82,Haripriya,Female,9876101056,haripriya@gmail.com,Hosur,PAN Card,2026-01-13
83,Ilango Kumar,Male,9876101015,ilango.kumar@gmail.com,Vellore,Aadhaar Card,2023-06-28
84,Janarthanan,Female,9876101041,janarthanan@gmail.com,Dindigul,PAN Card,2020-01-15
85,Kannan Raj,Male,9876101091,kannan.raj@gmail.com,Palani,Passport,2026-05-18
86,Kowsalya,Female,9876101056,kowsalya@gmail.com,Chennai,Aadhaar Card,2025-07-21
87,Manikandan,Male,9876101039,manikandan@gmail.com,Vellore,Passport,2024-02-05
88,Mithra Devi,Female,9876101070,mithra.devi@gmail.com,Tirupathur,Passport,2025-04-09
89,Nandakumar,Male,9876101078,nandakumar@gmail.com,Tirupathur,Driving License,2026-06-29
90,Nivetha Lakshmi,Female,9876101099,nivetha.lakshmi@gmail.com,Tirupathur,Driving License,2026-06-29
91,Parthiban Raj,Male,9876101069,parthiban.raj@gmail.com,Tiruppur,PAN Card,2023-09-11
92,Priyanka Devi,Female,9876101083,priyanka.devi@gmail.com,Tirupathur,PAN Card,2022-04-25
93,Rajesh Kumar,Male,9876101004,rajesh.kumar@gmail.com,Ranipet,Driving License,2026-01-13
94,Revathi Lakshmi,Female,9876101095,revathi.lakshmi@gmail.com,Palani,Passport,2020-06-10
95,Santhosh Kumar,Male,9876101036,santhosh.kumar@gmail.com,Tiruvallur,Aadhaar Card,2026-01-13
96,Saranya Devi,Female,9876101060,saranya.devi@gmail.com,Tiruchirappalli,Driving License,2025-07-21
97,Vijay Kumar,Male,9876101011,vijay.kumar@gmail.com,Coimbatore,Aadhaar Card,2022-07-08
98,Vinitha Lakshmi,Female,9876101040,vinitha.lakshmi@gmail.com,Karaikudi,Passport,2023-01-03
99,Adithya Kumar,Male,9876101073,adithya.kumar@gmail.com,Cuddalore,Aadhaar Card,2023-12-22
100,Aishwarya Nair,Female,9876101016,aishwarya.nair@gmail.com,Coimbatore,Voter ID,2020-01-15
101,Akhil Raj,Male,9876101091,akhil.raj@gmail.com,Tiruppur,Passport,2025-01-26
102,Ananya Krishnan,Female,9876101072,ananya.krishnan@gmail.com,Salem,PAN Card,2020-01-15
103,Aravindh Kumar,Male,9876101086,aravindh.kumar@gmail.com,Kanchipuram,Driving License,2026-06-29
104,Archana Devi,Female,9876101065,archana.devi@gmail.com,Nagercoil,Aadhaar Card,2023-03-16
105,Arjun Prasad,Male,9876101056,arjun.prasad@gmail.com,Mayiladuthurai,Passport,2022-10-19
106,Ashwini Raj,Female,9876101089,ashwini.raj@gmail.com,Ooty,Voter ID,2022-04-25
107,Balaji Kumar,Male,9876101077,balaji.kumar@gmail.com,Tiruchirappalli,Passport,2024-02-05
108,Bhavana Lakshmi,Female,9876101059,bhavana.lakshmi@gmail.com,Tirupathur,PAN Card,2022-07-08
109,Bharath Raj,Male,9876101057,bharath.raj@gmail.com,Hosur,Voter ID,2026-01-13
110,Chitra Devi,Female,9876101008,chitra.devi@gmail.com,Udhagamandalam,Driving License,2025-01-26
111,Dhanush Kumar,Male,9876101050,dhanush.kumar@gmail.com,Tirupathur,PAN Card,2026-03-24
112,Deepa Nair,Female,9876101066,deepa.nair@gmail.com,Udhagamandalam,Voter ID,2026-03-24
113,Dinesh Raj,Male,9876101027,dinesh.raj@gmail.com,Sivakasi,Voter ID,2026-03-24
114,Divya Lakshmi,Female,9876101031,divya.lakshmi@gmail.com,Udhagamandalam,Driving License,2023-03-16
115,Elavarasan,Male,9876101083,elavarasan@gmail.com,Tirunelveli,Aadhaar Card,2021-05-27
116,Gayathri Priya,Female,9876101069,gayathri.priya@gmail.com,Tirupathur,Driving License,2021-08-09
117,Gopinath,Male,9876101070,gopinath@gmail.com,Arakkonam,Driving License,2021-11-30
118,Haritha Devi,Female,9876101043,haritha.devi@gmail.com,Udhagamandalam,Voter ID,2022-04-25
119,Hari Kumar,Male,9876101003,hari.kumar@gmail.com,Salem,Aadhaar Card,2023-09-11
120,Hemalatha,Female,9876101044,hemalatha@gmail.com,Neyveli,Aadhaar Card,2025-10-02
121,Iniyan Kumar,Male,9876101094,iniyan.kumar@gmail.com,Kanchipuram,PAN Card,2023-01-03
122,Ishwarya Raj,Female,9876101016,ishwarya.raj@gmail.com,Tirupathur,Passport,2023-06-28
123,Jegan Kumar,Male,9876101073,jegan.kumar@gmail.com,Rajapalayam,PAN Card,2025-07-21
124,Janani Lakshmi,Female,9876101038,janani.lakshmi@gmail.com,Nagapattinam,Aadhaar Card,2021-02-14
125,Karthi Kumar,Male,9876101094,karthi.kumar@gmail.com,Chennai,PAN Card,2025-10-02
126,Kavitha Devi,Female,9876101025,kavitha.devi@gmail.com,Tirunelveli,Aadhaar Card,2022-07-08
127,Kavin Prasad,Male,9876101010,kavin.prasad@gmail.com,Dindigul,Voter ID,2024-11-14
128,Keerthana Raj,Female,9876101053,keerthana.raj@gmail.com,Vellore,Driving License,2022-07-08
129,Lokesh Raj,Male,9876101058,lokesh.raj@gmail.com,Kanchipuram,Driving License,2021-08-09
130,Lavanya Priya,Female,9876101033,lavanya.priya@gmail.com,Tirupathur,PAN Card,2021-08-09
131,Madhan Raj,Male,9876101026,madhan.raj@gmail.com,Thanjavur,Aadhaar Card,2022-04-25
132,Maheshwari,Female,9876101010,maheshwari@gmail.com,Nagercoil,Driving License,2023-09-11
133,Manoj Kumar,Male,9876101040,manoj.kumar@gmail.com,Sivakasi,Passport,2024-05-17
134,Meena Kumari,Female,9876101046,meena.kumari@gmail.com,Vellore,Aadhaar Card,2020-03-22
135,Murugan Raj,Male,9876101079,murugan.raj@gmail.com,Dindigul,Driving License,2025-07-21
136,Monika Devi,Female,9876101032,monika.devi@gmail.com,Tirupathur,Driving License,2025-04-09
137,Naveen Prasad,Male,9876101070,naveen.prasad@gmail.com,Nagercoil,Voter ID,2023-06-28
138,Nithya Sri,Female,9876101076,nithya.sri@gmail.com,Tiruchirappalli,PAN Card,2024-05-17
139,Prabhu Kumar,Male,9876101053,prabhu.kumar@gmail.com,Kumbakonam,Passport,2022-01-12
140,Pavithra Devi,Female,9876101035,pavithra.devi@gmail.com,Pollachi,Driving License,2020-12-18
141,Pradeep Raj,Male,9876101071,pradeep.raj@gmail.com,Vellore,PAN Card,2022-10-19
142,Preethi Lakshmi,Female,9876101028,preethi.lakshmi@gmail.com,Erode,Passport,2020-09-05
143,Raghavan,Male,9876101025,raghavan@gmail.com,Ambur,PAN Card,2025-01-26
144,Ramya Devi,Female,9876101033,ramya.devi@gmail.com,Thanjavur,Aadhaar Card,2021-08-09
145,Rajkumar,Male,9876101097,rajkumar@gmail.com,Chennai,PAN Card,2025-04-09
146,Rekha Priya,Female,9876101064,rekha.priya@gmail.com,Vellore,Passport,2021-02-14
147,Ramesh Kumar,Male,9876101018,ramesh.kumar@gmail.com,Pollachi,PAN Card,2026-06-29
148,Roshini Lakshmi,Female,9876101032,roshini.lakshmi@gmail.com,Vellore,PAN Card,2022-04-25
149,Sarath Kumar,Male,9876101049,sarath.kumar@gmail.com,Arakkonam,Driving License,2026-05-18
150,Sandhya Devi,Female,9876101020,sandhya.devi@gmail.com,Ooty,Passport,2023-06-28
151,Selvakumar,Male,9876101031,selvakumar@gmail.com,Chennai,Aadhaar Card,2021-05-27
152,Shalini Priya,Female,9876101073,shalini.priya@gmail.com,Pudukkottai,Voter ID,2022-10-19
153,Senthil Raj,Male,9876101014,senthil.raj@gmail.com,Chennai,Passport,2024-02-05
154,Sindhu Lakshmi,Female,9876101002,sindhu.lakshmi@gmail.com,Tirupathur,Driving License,2025-07-21
155,Sivakumar,Male,9876101011,sivakumar@gmail.com,Tirupathur,Driving License,2024-11-14
156,Soundarya Devi,Female,9876101038,soundarya.devi@gmail.com,Kumbakonam,Passport,2023-03-16
157,Srinivasan,Male,9876101075,srinivasan@gmail.com,Vellore,Passport,2024-05-17
158,Subhashini,Female,9876101040,subhashini@gmail.com,Tiruchirappalli,PAN Card,2023-01-03
159,Suresh Kumar,Male,9876101044,suresh.kumar@gmail.com,Kumbakonam,Aadhaar Card,2025-04-09
160,Suganya Devi,Female,9876101080,suganya.devi@gmail.com,Ooty,PAN Card,2024-08-30
161,Tharun Raj,Male,9876101011,tharun.raj@gmail.com,Neyveli,Aadhaar Card,2026-06-29
162,Thenmozhi,Female,9876101091,thenmozhi@gmail.com,Dindigul,PAN Card,2020-03-22
163,Udhay Kumar,Male,9876101077,udhay.kumar@gmail.com,Nagapattinam,PAN Card,2024-05-17
164,Uma Devi,Female,9876101031,uma.devi@gmail.com,Nagercoil,Voter ID,2023-12-22
165,Vasanth Raj,Male,9876101018,vasanth.raj@gmail.com,Tirupathur,Driving License,2025-01-26
166,Vaishnavi Lakshmi,Female,9876101011,vaishnavi.lakshmi@gmail.com,Sivakasi,PAN Card,2023-01-03
167,Vignesh Kumar,Male,9876101059,vignesh.kumar@gmail.com,Thanjavur,Aadhaar Card,2025-10-02
168,Vidhya Sri,Female,9876101047,vidhya.sri@gmail.com,Tirupathur,Passport,2021-05-27
169,Vinoth Raj,Male,9876101071,vinoth.raj@gmail.com,Dindigul,Driving License,2022-04-25
170,Yamini Devi,Female,9876101018,yamini.devi@gmail.com,Avadi,Passport,2024-02-05
171,Yuvaraj Kumar,Male,9876101044,yuvaraj.kumar@gmail.com,Madurai,Voter ID,2022-07-08
172,Abirami,Female,9876101042,abirami@gmail.com,Nagapattinam,Voter ID,2021-05-27
173,Ajith Kumar,Male,9876101070,ajith.kumar@gmail.com,Kanchipuram,Driving License,2025-07-21
174,Akshaya Lakshmi,Female,9876101087,akshaya.lakshmi@gmail.com,Tirupathur,Aadhaar Card,2020-12-18
175,Arun Raj,Male,9876101052,arun.raj@gmail.com,Pollachi,Aadhaar Card,2020-03-22
176,Bhavani Devi,Female,9876101077,bhavani.devi@gmail.com,Avadi,Voter ID,2022-04-25
177,Chandrasekar,Male,9876101031,chandrasekar@gmail.com,Tirupathur,Driving License,2021-05-27
178,Dharshini,Female,9876101087,dharshini@gmail.com,Madurai,Voter ID,2023-09-11
179,Gokul Raj,Male,9876101055,gokul.raj@gmail.com,Palani,Aadhaar Card,2020-06-10
180,Haripriya,Female,9876101091,haripriya@gmail.com,Kumbakonam,Aadhaar Card,2022-04-25
181,Ilango Kumar,Male,9876101092,ilango.kumar@gmail.com,Kumbakonam,Voter ID,2021-08-09
182,Janarthanan,Female,9876101002,janarthanan@gmail.com,Thanjavur,Aadhaar Card,2021-02-14
183,Kannan Raj,Male,9876101084,kannan.raj@gmail.com,Pudukkottai,Driving License,2024-08-30
184,Kowsalya,Female,9876101075,kowsalya@gmail.com,Ambur,Aadhaar Card,2024-02-05
185,Manikandan,Male,9876101087,manikandan@gmail.com,Karur,Voter ID,2026-05-18
186,Mithra Devi,Female,9876101014,mithra.devi@gmail.com,Mayiladuthurai,Driving License,2025-10-02
187,Nandakumar,Male,9876101084,nandakumar@gmail.com,Thoothukudi,PAN Card,2023-09-11
188,Nivetha Lakshmi,Female,9876101035,nivetha.lakshmi@gmail.com,Avadi,Aadhaar Card,2020-12-18
189,Parthiban Raj,Male,9876101025,parthiban.raj@gmail.com,Arakkonam,Driving License,2022-04-25
190,Priyanka Devi,Female,9876101069,priyanka.devi@gmail.com,Salem,Driving License,2020-09-05
191,Rajesh Kumar,Male,9876101071,rajesh.kumar@gmail.com,Tirupathur,PAN Card,2023-12-22
192,Revathi Lakshmi,Female,9876101074,revathi.lakshmi@gmail.com,Udhagamandalam,Passport,2022-04-25
193,Santhosh Kumar,Male,9876101029,santhosh.kumar@gmail.com,Udhagamandalam,Driving License,2021-02-14
194,Saranya Devi,Female,9876101016,saranya.devi@gmail.com,Erode,Driving License,2023-09-11
195,Vijay Kumar,Male,9876101018,vijay.kumar@gmail.com,Nagapattinam,PAN Card,2024-02-05
196,Vinitha Lakshmi,Female,9876101072,vinitha.lakshmi@gmail.com,Thoothukudi,Passport,2024-08-30
197,Adithya Kumar,Male,9876101064,adithya.kumar@gmail.com,Chennai,Driving License,2024-08-30
198,Aishwarya Nair,Female,9876101080,aishwarya.nair@gmail.com,Tirunelveli,Driving License,2024-05-17
199,Akhil Raj,Male,9876101008,akhil.raj@gmail.com,Karaikudi,Driving License,2025-07-21
200,Ananya Krishnan,Female,9876101022,ananya.krishnan@gmail.com,Chennai,Driving License,2022-01-12
201,Aravindh Kumar,Male,9876101068,aravindh.kumar@gmail.com,Tirupathur,Driving License,2023-06-28
202,Archana Devi,Female,9876101088,archana.devi@gmail.com,Chennai,Passport,2020-12-18
203,Arjun Prasad,Male,9876101069,arjun.prasad@gmail.com,Kumbakonam,Aadhaar Card,2025-01-26
204,Ashwini Raj,Female,9876101041,ashwini.raj@gmail.com,Dindigul,Driving License,2023-03-16
205,Balaji Kumar,Male,9876101041,balaji.kumar@gmail.com,Pollachi,Passport,2025-01-26
206,Bhavana Lakshmi,Female,9876101084,bhavana.lakshmi@gmail.com,Mayiladuthurai,Aadhaar Card,2025-07-21
207,Bharath Raj,Male,9876101001,bharath.raj@gmail.com,Coimbatore,PAN Card,2021-08-09
208,Chitra Devi,Female,9876101011,chitra.devi@gmail.com,Kumbakonam,Voter ID,2023-12-22
209,Dhanush Kumar,Male,9876101035,dhanush.kumar@gmail.com,Pollachi,Driving License,2020-03-22
210,Deepa Nair,Female,9876101007,deepa.nair@gmail.com,Pollachi,Voter ID,2023-06-28
211,Dinesh Raj,Male,9876101023,dinesh.raj@gmail.com,Tirupathur,Driving License,2026-03-24
212,Divya Lakshmi,Female,9876101027,divya.lakshmi@gmail.com,Tiruvallur,Voter ID,2023-09-11
213,Elavarasan,Male,9876101047,elavarasan@gmail.com,Tiruchirappalli,Passport,2024-11-14
214,Gayathri Priya,Female,9876101019,gayathri.priya@gmail.com,Tirupathur,PAN Card,2022-01-12
215,Gopinath,Male,9876101092,gopinath@gmail.com,Ranipet,PAN Card,2022-07-08
216,Haritha Devi,Female,9876101004,haritha.devi@gmail.com,Tirupathur,Passport,2023-01-03
217,Hari Kumar,Male,9876101066,hari.kumar@gmail.com,Erode,Driving License,2020-09-05
218,Hemalatha,Female,9876101009,hemalatha@gmail.com,Avadi,Passport,2025-01-26
219,Iniyan Kumar,Male,9876101094,iniyan.kumar@gmail.com,Tiruchirappalli,Passport,2024-11-14
220,Ishwarya Raj,Female,9876101100,ishwarya.raj@gmail.com,Dindigul,PAN Card,2020-06-10
221,Jegan Kumar,Male,9876101073,jegan.kumar@gmail.com,Chennai,Driving License,2026-01-13
222,Janani Lakshmi,Female,9876101020,janani.lakshmi@gmail.com,Ambur,Voter ID,2023-01-03
223,Karthi Kumar,Male,9876101074,karthi.kumar@gmail.com,Chennai,Aadhaar Card,2026-01-13
224,Kavitha Devi,Female,9876101016,kavitha.devi@gmail.com,Nagapattinam,Passport,2020-09-05
225,Kavin Prasad,Male,9876101094,kavin.prasad@gmail.com,Tiruvallur,Passport,2020-03-22
226,Keerthana Raj,Female,9876101035,keerthana.raj@gmail.com,Sirkazhi,Passport,2021-02-14
227,Lokesh Raj,Male,9876101018,lokesh.raj@gmail.com,Kumbakonam,Voter ID,2020-09-05
228,Lavanya Priya,Female,9876101036,lavanya.priya@gmail.com,Ooty,PAN Card,2021-02-14
229,Madhan Raj,Male,9876101081,madhan.raj@gmail.com,Tirupathur,PAN Card,2023-06-28
230,Maheshwari,Female,9876101092,maheshwari@gmail.com,Chennai,PAN Card,2023-09-11
231,Manoj Kumar,Male,9876101048,manoj.kumar@gmail.com,Tirupathur,Driving License,2021-02-14
232,Meena Kumari,Female,9876101061,meena.kumari@gmail.com,Tirupathur,Aadhaar Card,2023-06-28
233,Murugan Raj,Male,9876101015,murugan.raj@gmail.com,Arakkonam,Driving License,2024-05-17
234,Monika Devi,Female,9876101023,monika.devi@gmail.com,Tiruvannamalai,PAN Card,2020-06-10
235,Naveen Prasad,Male,9876101055,naveen.prasad@gmail.com,Sirkazhi,Voter ID,2024-02-05
236,Nithya Sri,Female,9876101099,nithya.sri@gmail.com,Vellore,PAN Card,2020-03-22
237,Prabhu Kumar,Male,9876101017,prabhu.kumar@gmail.com,Chennai,PAN Card,2020-03-22
238,Pavithra Devi,Female,9876101010,pavithra.devi@gmail.com,Tiruvallur,Driving License,2023-03-16
239,Pradeep Raj,Male,9876101087,pradeep.raj@gmail.com,Tirupathur,Aadhaar Card,2022-04-25
240,Preethi Lakshmi,Female,9876101012,preethi.lakshmi@gmail.com,Ooty,Passport,2020-06-10
241,Raghavan,Male,9876101011,raghavan@gmail.com,Tirupathur,PAN Card,2022-10-19
242,Ramya Devi,Female,9876101057,ramya.devi@gmail.com,Thoothukudi,Driving License,2026-03-24
243,Rajkumar,Male,9876101054,rajkumar@gmail.com,Kumbakonam,PAN Card,2023-01-03
244,Rekha Priya,Female,9876101048,rekha.priya@gmail.com,Madurai,Driving License,2020-01-15
245,Ramesh Kumar,Male,9876101026,ramesh.kumar@gmail.com,Chennai,Voter ID,2022-07-08
246,Roshini Lakshmi,Female,9876101084,roshini.lakshmi@gmail.com,Nagercoil,Driving License,2023-03-16
247,Sarath Kumar,Male,9876101098,sarath.kumar@gmail.com,Rajapalayam,Passport,2021-11-30
248,Sandhya Devi,Female,9876101044,sandhya.devi@gmail.com,Madurai,Voter ID,2025-04-09
249,Selvakumar,Male,9876101030,selvakumar@gmail.com,Erode,PAN Card,2026-05-18
250,Shalini Priya,Female,9876101077,shalini.priya@gmail.com,Avadi,Passport,2023-09-11
