employee_id,branch_id,department_id,employee_name,gender,email,phone,salary,hire_date
1,23,5,Aarush Menon,Male,aarush.menon@gmail.com,9876501050,21000,2020-10-09
2,5,1,Aditi Rao,Female,aditi.rao@gmail.com,9876501093,27000,2021-07-30
3,31,3,Ajay Prasad,Male,ajay.prasad@gmail.com,9876501002,35000,2020-12-03
4,3,6,Akshaya Devi,Female,akshaya.devi@gmail.com,9876501054,60000,2022-11-26
5,20,6,Alan Joseph,Male,alan.joseph@gmail.com,9876501048,23000,2023-03-14
6,3,4,Amritha Nair,Female,amritha.nair@gmail.com,9876501060,42000,2020-01-18
7,29,2,Arun Prakash,Male,arun.prakash@gmail.com,9876501009,35000,2020-06-18
8,10,6,Anusha Reddy,Female,anusha.reddy@gmail.com,9876501087,34000,2023-09-07
9,21,8,Ashok Kumar,Male,ashok.kumar@gmail.com,9876501093,47000,2023-10-13
10,25,3,Apoorva Sharma,Female,apoorva.sharma@gmail.com,9876501035,54000,2021-10-18
11,19,7,Balasubramanian,Male,balasubramanian@gmail.com,9876501083,57000,2023-04-23
12,21,3,Bhavana Nair,Female,bhavana.nair@gmail.com,9876501069,52000,2020-12-03
13,9,4,Bharat Singh,Male,bharat.singh@gmail.com,9876501025,42000,2021-07-30
14,31,7,Charulatha Devi,Female,charulatha.devi@gmail.com,9876501065,56000,2022-05-06
15,17,2,Dhanapal Raj,Male,dhanapal.raj@gmail.com,9876501083,47000,2023-09-07
16,9,5,Deeksha Verma,Female,deeksha.verma@gmail.com,9876501090,60000,2020-08-14
17,7,8,Dileep Kumar,Male,dileep.kumar@gmail.com,9876501050,36000,2021-08-20
18,8,8,Divyashree,Female,divyashree@gmail.com,9876501052,22000,2023-11-30
19,6,1,Elango Kumar,Male,elango.kumar@gmail.com,9876501046,20000,2023-11-30
20,17,2,Esha Gupta,Female,esha.gupta@gmail.com,9876501057,50000,2022-04-12
21,6,7,Farhan Ali,Male,farhan.ali@gmail.com,9876501019,27000,2020-09-01
22,29,4,Fathima Noor,Female,fathima.noor@gmail.com,9876501051,26000,2020-11-27
23,32,2,Giri Prasad,Male,giri.prasad@gmail.com,9876501044,33000,2021-06-05
24,3,1,Gayathri Menon,Female,gayathri.menon@gmail.com,9876501031,49000,2021-05-23
25,18,6,Gokul Anand,Male,gokul.anand@gmail.com,9876501099,53000,2022-11-26
26,23,3,Harshika Rani,Female,harshika.rani@gmail.com,9876501051,28000,2021-01-21
27,9,1,Hariharan,Male,hariharan@gmail.com,9876501007,43000,2023-04-23
28,7,2,Hema Sri,Female,hema.sri@gmail.com,9876501055,21000,2023-07-19
29,24,5,Ibrahim Khan,Male,ibrahim.khan@gmail.com,9876501002,24000,2023-09-07
30,30,6,Indhu Priya,Female,indhu.priya@gmail.com,9876501040,42000,2021-07-30
31,19,1,Jagan Mohan,Male,jagan.mohan@gmail.com,9876501091,29000,2022-09-29
32,10,5,Janhavi Rao,Female,janhavi.rao@gmail.com,9876501007,55000,2020-03-24
33,19,5,Jayanth Kumar,Male,jayanth.kumar@gmail.com,9876501005,56000,2020-08-14
34,13,8,Jennifer Mary,Female,jennifer.mary@gmail.com,9876501052,56000,2023-12-05
35,32,7,Karthikeya,Male,karthikeya@gmail.com,9876501078,35000,2023-08-25
36,7,7,Kalpana Devi,Female,kalpana.devi@gmail.com,9876501091,40000,2023-11-30
37,19,2,Keshav Raj,Male,keshav.raj@gmail.com,9876501044,58000,2023-08-25
38,34,4,Komal Sharma,Female,komal.sharma@gmail.com,9876501019,53000,2023-10-13
39,34,5,Krishna Prasad,Male,krishna.prasad@gmail.com,9876501030,21000,2020-02-06
40,26,2,Lavanya Nair,Female,lavanya.nair@gmail.com,9876501049,22000,2022-03-28
41,27,1,Madan Gopal,Male,madan.gopal@gmail.com,9876501066,54000,2022-10-04
42,3,4,Madhumitha,Female,madhumitha@gmail.com,9876501016,56000,2022-05-06
43,8,1,Maheshwaran,Male,maheshwaran@gmail.com,9876501012,21000,2022-12-31
44,34,2,Mahalakshmi,Female,mahalakshmi@gmail.com,9876501001,37000,2022-01-03
45,20,2,Manikandan,Male,manikandan@gmail.com,9876501026,47000,2021-07-30
46,16,4,Megha Kapoor,Female,megha.kapoor@gmail.com,9876501084,35000,2022-04-12
47,30,5,Murali Krishna,Male,murali.krishna@gmail.com,9876501045,55000,2023-05-27
48,5,5,Mythili Devi,Female,mythili.devi@gmail.com,9876501025,45000,2020-09-01
49,26,7,Naveen Chandra,Male,naveen.chandra@gmail.com,9876501011,45000,2022-09-29
50,8,2,Neha Agarwal,Female,neha.agarwal@gmail.com,9876501076,57000,2022-09-29
51,5,4,Niranjan Raj,Male,niranjan.raj@gmail.com,9876501054,31000,2020-01-18
52,8,3,Nikitha Sharma,Female,nikitha.sharma@gmail.com,9876501098,48000,2022-03-28
53,20,3,Om Prakash,Male,om.prakash@gmail.com,9876501096,29000,2023-09-07
54,4,6,Oviya Lakshmi,Female,oviya.lakshmi@gmail.com,9876501033,22000,2021-07-30
55,33,1,Parthiban,Male,parthiban@gmail.com,9876501045,29000,2022-09-29
56,13,4,Pavithra Rani,Female,pavithra.rani@gmail.com,9876501034,34000,2020-02-06
57,35,8,Pranesh Kumar,Male,pranesh.kumar@gmail.com,9876501100,50000,2022-05-06
58,19,5,Preethi Nair,Female,preethi.nair@gmail.com,9876501061,20000,2021-06-05
59,23,6,Raghu Raman,Male,raghu.raman@gmail.com,9876501097,49000,2023-01-08
60,16,1,Rakshitha Devi,Female,rakshitha.devi@gmail.com,9876501072,31000,2021-03-12
61,28,4,Rajiv Menon,Male,rajiv.menon@gmail.com,9876501091,29000,2022-09-29
62,10,5,Renu Sharma,Female,renu.sharma@gmail.com,9876501018,45000,2020-05-30
63,13,4,Rohan Das,Male,rohan.das@gmail.com,9876501066,54000,2023-07-19
64,33,6,Rithika Kapoor,Female,rithika.kapoor@gmail.com,9876501027,56000,2023-12-05
65,10,6,Sai Kiran,Male,sai.kiran@gmail.com,9876501038,25000,2021-04-10
66,33,3,Sakshi Gupta,Female,sakshi.gupta@gmail.com,9876501047,47000,2022-12-31
67,33,2,Sanjeev Kumar,Male,sanjeev.kumar@gmail.com,9876501035,42000,2023-12-05
68,3,5,Sandhya Rani,Female,sandhya.rani@gmail.com,9876501066,42000,2022-01-03
69,10,4,Selvakumar,Male,selvakumar@gmail.com,9876501003,39000,2021-09-07
70,22,1,Sharanya Devi,Female,sharanya.devi@gmail.com,9876501095,43000,2021-10-18
71,6,4,Shyam Sundar,Male,shyam.sundar@gmail.com,9876501028,36000,2021-02-14
72,24,6,Shruthi Nair,Female,shruthi.nair@gmail.com,9876501077,54000,2021-04-10
73,9,4,Siva Ganesh,Male,siva.ganesh@gmail.com,9876501063,37000,2021-03-12
74,17,7,Simran Kaur,Female,simran.kaur@gmail.com,9876501077,22000,2023-11-30
75,22,6,Srinath Kumar,Male,srinath.kumar@gmail.com,9876501087,55000,2022-08-17
76,13,5,Soundarya Raj,Female,soundarya.raj@gmail.com,9876501083,53000,2021-12-25
77,28,5,Subash Kumar,Male,subash.kumar@gmail.com,9876501097,34000,2022-09-29
78,31,8,Sujatha Devi,Female,sujatha.devi@gmail.com,9876501083,50000,2023-09-07
79,22,7,Tharun Kumar,Male,tharun.kumar@gmail.com,9876501087,36000,2022-05-06
80,1,6,Thulasi Priya,Female,thulasi.priya@gmail.com,9876501053,47000,2021-01-21
81,16,2,Umesh Kumar,Male,umesh.kumar@gmail.com,9876501052,50000,2021-06-05
82,20,3,Uma Maheshwari,Female,uma.maheshwari@gmail.com,9876501033,29000,2022-04-12
83,34,1,Varadharajan,Male,varadharajan@gmail.com,9876501015,42000,2020-07-06
84,33,6,Varsha Nair,Female,varsha.nair@gmail.com,9876501027,26000,2023-08-25
85,16,1,Venkatesh Kumar,Male,venkatesh.kumar@gmail.com,9876501012,39000,2022-12-31
86,6,8,Vidya Lakshmi,Female,vidya.lakshmi@gmail.com,9876501082,42000,2022-08-17
87,21,4,Vikram Raj,Male,vikram.raj@gmail.com,9876501009,28000,2022-10-04
88,7,1,Vinitha Devi,Female,vinitha.devi@gmail.com,9876501076,38000,2021-11-15
89,10,8,Vishnu Prasad,Male,vishnu.prasad@gmail.com,9876501043,54000,2023-08-25
90,34,3,Yamini Reddy,Female,yamini.reddy@gmail.com,9876501080,34000,2020-08-14
91,17,8,Yoganathan,Male,yoganathan@gmail.com,9876501082,47000,2022-07-11
92,15,3,Zara Khan,Female,zara.khan@gmail.com,9876501066,45000,2022-04-12
93,13,7,Aakash Reddy,Male,aakash.reddy@gmail.com,9876501027,32000,2023-06-30
94,30,4,Anupriya,Female,anupriya@gmail.com,9876501067,30000,2021-09-07
95,24,3,Deepak Raj,Male,deepak.raj@gmail.com,9876501068,55000,2021-02-14
96,10,3,Geetha Priya,Female,geetha.priya@gmail.com,9876501045,52000,2022-01-03
97,9,4,Hemachandran,Male,hemachandran@gmail.com,9876501052,31000,2020-01-18
98,24,5,Ishwarya Devi,Female,ishwarya.devi@gmail.com,9876501038,30000,2023-07-19
99,23,4,Lokanath,Male,lokanath@gmail.com,9876501027,60000,2021-06-05
100,26,5,Navya Sri,Female,navya.sri@gmail.com,9876501064,50000,2023-03-14
101,13,1,Aarush Menon,Male,aarush.menon@gmail.com,9876501058,21000,2022-11-26
102,10,7,Aditi Rao,Female,aditi.rao@gmail.com,9876501073,23000,2020-06-18
103,17,3,Ajay Prasad,Male,ajay.prasad@gmail.com,9876501061,20000,2023-04-23
104,10,6,Akshaya Devi,Female,akshaya.devi@gmail.com,9876501100,20000,2022-01-03
105,35,4,Alan Joseph,Male,alan.joseph@gmail.com,9876501008,40000,2020-11-27
106,31,3,Amritha Nair,Female,amritha.nair@gmail.com,9876501059,38000,2020-01-18
107,19,3,Arun Prakash,Male,arun.prakash@gmail.com,9876501009,52000,2021-06-05
108,34,4,Anusha Reddy,Female,anusha.reddy@gmail.com,9876501070,32000,2020-03-24
109,16,3,Ashok Kumar,Male,ashok.kumar@gmail.com,9876501022,20000,2021-03-12
110,13,3,Apoorva Sharma,Female,apoorva.sharma@gmail.com,9876501083,41000,2021-02-14
111,6,3,Balasubramanian,Male,balasubramanian@gmail.com,9876501061,40000,2021-03-12
112,10,8,Bhavana Nair,Female,bhavana.nair@gmail.com,9876501088,30000,2023-06-30
113,30,6,Bharat Singh,Male,bharat.singh@gmail.com,9876501039,40000,2021-11-15
114,19,2,Charulatha Devi,Female,charulatha.devi@gmail.com,9876501042,53000,2023-01-08
115,25,7,Dhanapal Raj,Male,dhanapal.raj@gmail.com,9876501050,20000,2021-08-20
116,32,5,Deeksha Verma,Female,deeksha.verma@gmail.com,9876501079,28000,2020-08-14
117,11,4,Dileep Kumar,Male,dileep.kumar@gmail.com,9876501011,28000,2022-09-29
118,30,6,Divyashree,Female,divyashree@gmail.com,9876501064,48000,2023-06-30
119,6,3,Elango Kumar,Male,elango.kumar@gmail.com,9876501002,58000,2023-09-07
120,34,5,Esha Gupta,Female,esha.gupta@gmail.com,9876501031,50000,2022-01-03
121,8,4,Farhan Ali,Male,farhan.ali@gmail.com,9876501024,21000,2020-05-30
122,7,6,Fathima Noor,Female,fathima.noor@gmail.com,9876501027,54000,2022-11-26
123,21,6,Giri Prasad,Male,giri.prasad@gmail.com,9876501008,32000,2021-04-10
124,1,1,Gayathri Menon,Female,gayathri.menon@gmail.com,9876501054,60000,2023-12-05
125,31,5,Gokul Anand,Male,gokul.anand@gmail.com,9876501008,57000,2020-04-12
126,30,4,Harshika Rani,Female,harshika.rani@gmail.com,9876501095,34000,2020-05-30
127,18,4,Hariharan,Male,hariharan@gmail.com,9876501039,21000,2020-06-18
128,18,4,Hema Sri,Female,hema.sri@gmail.com,9876501005,30000,2023-04-23
129,2,5,Ibrahim Khan,Male,ibrahim.khan@gmail.com,9876501027,45000,2020-04-12
130,27,1,Indhu Priya,Female,indhu.priya@gmail.com,9876501091,30000,2021-08-20
131,9,1,Jagan Mohan,Male,jagan.mohan@gmail.com,9876501089,25000,2022-05-06
132,19,2,Janhavi Rao,Female,janhavi.rao@gmail.com,9876501045,31000,2021-05-23
133,17,5,Jayanth Kumar,Male,jayanth.kumar@gmail.com,9876501059,31000,2023-05-27
134,15,4,Jennifer Mary,Female,jennifer.mary@gmail.com,9876501044,22000,2023-03-14
135,10,6,Karthikeya,Male,karthikeya@gmail.com,9876501097,54000,2021-12-25
136,11,8,Kalpana Devi,Female,kalpana.devi@gmail.com,9876501004,20000,2020-10-09
137,4,4,Keshav Raj,Male,keshav.raj@gmail.com,9876501099,52000,2021-04-10
138,15,7,Komal Sharma,Female,komal.sharma@gmail.com,9876501032,47000,2022-10-04
139,2,4,Krishna Prasad,Male,krishna.prasad@gmail.com,9876501084,49000,2021-02-14
140,25,3,Lavanya Nair,Female,lavanya.nair@gmail.com,9876501043,57000,2021-02-14
141,27,7,Madan Gopal,Male,madan.gopal@gmail.com,9876501073,31000,2021-07-30
142,29,4,Madhumitha,Female,madhumitha@gmail.com,9876501075,42000,2021-10-18
143,33,5,Maheshwaran,Male,maheshwaran@gmail.com,9876501088,53000,2020-01-18
144,30,6,Mahalakshmi,Female,mahalakshmi@gmail.com,9876501020,20000,2021-09-07
145,11,1,Manikandan,Male,manikandan@gmail.com,9876501013,45000,2020-09-01
146,18,6,Megha Kapoor,Female,megha.kapoor@gmail.com,9876501001,50000,2023-06-30
147,19,6,Murali Krishna,Male,murali.krishna@gmail.com,9876501026,44000,2020-07-06
148,1,3,Mythili Devi,Female,mythili.devi@gmail.com,9876501058,48000,2021-07-30
149,21,1,Naveen Chandra,Male,naveen.chandra@gmail.com,9876501009,57000,2022-08-17
150,15,8,Neha Agarwal,Female,neha.agarwal@gmail.com,9876501008,42000,2021-02-14
151,35,2,Niranjan Raj,Male,niranjan.raj@gmail.com,9876501022,20000,2020-03-24
152,31,1,Nikitha Sharma,Female,nikitha.sharma@gmail.com,9876501024,41000,2022-08-17
153,12,4,Om Prakash,Male,om.prakash@gmail.com,9876501007,45000,2021-05-23
154,27,7,Oviya Lakshmi,Female,oviya.lakshmi@gmail.com,9876501061,26000,2020-09-01
155,24,6,Parthiban,Male,parthiban@gmail.com,9876501034,34000,2022-02-09
156,21,6,Pavithra Rani,Female,pavithra.rani@gmail.com,9876501068,21000,2022-06-22
157,14,2,Pranesh Kumar,Male,pranesh.kumar@gmail.com,9876501001,50000,2021-02-14
158,1,4,Preethi Nair,Female,preethi.nair@gmail.com,9876501030,57000,2023-11-30
159,14,3,Raghu Raman,Male,raghu.raman@gmail.com,9876501018,28000,2020-09-01
160,24,2,Rakshitha Devi,Female,rakshitha.devi@gmail.com,9876501057,38000,2021-04-10
161,22,8,Rajiv Menon,Male,rajiv.menon@gmail.com,9876501005,47000,2023-03-14
162,35,6,Renu Sharma,Female,renu.sharma@gmail.com,9876501079,60000,2023-11-30
163,35,3,Rohan Das,Male,rohan.das@gmail.com,9876501019,20000,2023-03-14
164,4,3,Rithika Kapoor,Female,rithika.kapoor@gmail.com,9876501013,32000,2021-09-07
165,19,4,Sai Kiran,Male,sai.kiran@gmail.com,9876501088,23000,2021-06-05
166,12,2,Sakshi Gupta,Female,sakshi.gupta@gmail.com,9876501014,24000,2020-10-09
167,23,3,Sanjeev Kumar,Male,sanjeev.kumar@gmail.com,9876501079,56000,2020-07-06
168,7,2,Sandhya Rani,Female,sandhya.rani@gmail.com,9876501020,30000,2023-08-25
169,27,7,Selvakumar,Male,selvakumar@gmail.com,9876501036,42000,2023-12-05
170,11,1,Sharanya Devi,Female,sharanya.devi@gmail.com,9876501099,56000,2023-05-27
171,8,1,Shyam Sundar,Male,shyam.sundar@gmail.com,9876501100,29000,2020-07-06
172,15,6,Shruthi Nair,Female,shruthi.nair@gmail.com,9876501008,59000,2023-06-30
173,2,2,Siva Ganesh,Male,siva.ganesh@gmail.com,9876501014,24000,2021-03-12
174,10,3,Simran Kaur,Female,simran.kaur@gmail.com,9876501072,31000,2023-08-25
175,10,5,Srinath Kumar,Male,srinath.kumar@gmail.com,9876501067,55000,2021-05-23
176,6,2,Soundarya Raj,Female,soundarya.raj@gmail.com,9876501056,27000,2022-06-22
177,20,1,Subash Kumar,Male,subash.kumar@gmail.com,9876501078,30000,2020-10-09
178,18,4,Sujatha Devi,Female,sujatha.devi@gmail.com,9876501058,57000,2022-05-06
179,4,8,Tharun Kumar,Male,tharun.kumar@gmail.com,9876501033,39000,2022-02-09
180,6,2,Thulasi Priya,Female,thulasi.priya@gmail.com,9876501003,25000,2020-04-12
181,3,1,Umesh Kumar,Male,umesh.kumar@gmail.com,9876501062,45000,2022-01-03
182,31,1,Uma Maheshwari,Female,uma.maheshwari@gmail.com,9876501085,54000,2022-07-11
183,35,1,Varadharajan,Male,varadharajan@gmail.com,9876501060,55000,2022-05-06
184,7,2,Varsha Nair,Female,varsha.nair@gmail.com,9876501049,55000,2021-02-14
185,28,4,Venkatesh Kumar,Male,venkatesh.kumar@gmail.com,9876501091,59000,2020-12-03
186,20,2,Vidya Lakshmi,Female,vidya.lakshmi@gmail.com,9876501005,56000,2020-08-14
187,3,6,Vikram Raj,Male,vikram.raj@gmail.com,9876501079,45000,2021-09-07
188,18,8,Vinitha Devi,Female,vinitha.devi@gmail.com,9876501005,30000,2021-06-05
189,17,6,Vishnu Prasad,Male,vishnu.prasad@gmail.com,9876501002,42000,2023-05-27
190,1,3,Yamini Reddy,Female,yamini.reddy@gmail.com,9876501075,55000,2020-05-30
191,18,6,Yoganathan,Male,yoganathan@gmail.com,9876501032,55000,2022-04-12
192,14,6,Zara Khan,Female,zara.khan@gmail.com,9876501051,22000,2022-07-11
193,31,4,Aakash Reddy,Male,aakash.reddy@gmail.com,9876501076,50000,2021-07-30
194,30,1,Anupriya,Female,anupriya@gmail.com,9876501027,58000,2023-12-05
195,17,1,Deepak Raj,Male,deepak.raj@gmail.com,9876501037,56000,2021-08-20
196,3,1,Geetha Priya,Female,geetha.priya@gmail.com,9876501057,60000,2020-07-06
197,15,4,Hemachandran,Male,hemachandran@gmail.com,9876501055,25000,2022-04-12
198,31,3,Ishwarya Devi,Female,ishwarya.devi@gmail.com,9876501100,56000,2023-10-13
199,14,3,Lokanath,Male,lokanath@gmail.com,9876501100,50000,2021-10-18
200,6,5,Navya Sri,Female,navya.sri@gmail.com,9876501080,36000,2023-03-14
